{"rmse": 0.9638812500335984, "mae": 0.7582416091098713}